{"cameraMode":{"drawMode":0,"name":"Shaded","section":"Shading Mode"},"sceneLighting":true,"audioPlay":false,"sceneViewState":{"m_AlwaysRefresh":false,"showFog":true,"showSkybox":true,"showFlares":true,"showImageEffects":true,"showParticleSystems":true,"showVisualEffectGraphs":true,"m_FxEnabled":true},"in2DMode":false,"pivot":{"x":514.5753784179688,"y":594.8619384765625,"z":-1172.746826171875},"rotation":{"x":-0.13188830018043519,"y":-0.027350978925824167,"z":0.004011713899672031,"w":-0.9910156726837158},"size":81.39410400390625,"orthographic":false}